index,axis-0,axis-1,axis-2
0.0,34.0,92.78889095070926,52.21110951553153
